Label,Tweet ID,Tweet Text
footwear market,1622450825217073152,Vegan Footwear Market https DSpIPJv
footwear market,1622442941544534016,Once understand role each Category market your customers appropriately Especially withi https
footwear market,1622294539880009728,Shakarez rare shakarez makes absolutely sense magical footwear just sell boots because https
footwear market,1622211381247500288,DeskTijori Relaxo Footwear relaxing time investors drop drop dent margin
footwear market,1622103404376952832,Golf Apparel Footwear Accessories Market Company Overview Recent Developments SWOT Analysis https xrKB
footwear market,1622059606338838528,Interested zerodrop runningshoes Primal Steps together list best shoes market https AueLiBzxbO
footwear market,1621976935352963072,Buzzy footwear label LoefflerRandall said bridal market this week with debut inaugural https KDBt
footwear market,1621976180986363904,mxxn Shakarez magical footwear give more gold than future market value mythic powe https
footwear market,1621898037697318913,Relaxo Footwear relaxing time investors drop drop dent https FPPvwJ
footwear market,1621816593008181249,Market leading comfort footwear approved orthopaedic supports other difficult https CyLgCZM
footwear market,1621543910072778753,Damilola Oosha omobadan bless footwear vendor want eggs into basket with
footwear market,1621476835723730949,Strengthen your supplier buyer network studying footwear market analysis report insights https pMLdH
footwear market,1621471329563152384,PressRelease Sportswear Market Size Trend Analysis Category Apparel Footwear Accessories Segments https MlziHey
footwear market,1621442629765324801,Women Luxury Footwear Market cross Billion Says Future Market Insights https jGuOn
footwear market,1621433743453097985,When sneaker sneaker When modular Detachable interchangeable components sneakers https JRVJqERqt
footwear market,1621397454317830145,Vegan Cruelty Free Leather Shoes India https CmSjn EuzF Last Updated February ISTFoot https bqGhCk
footwear market,1621317531599536128,MelansonFinn AravaipaRunning bhornig leahyingling Long time listener first time caller Brett what https pIJbdt
footwear market,1621215920596332544,sole Footwear Polyurethane Market Research Reports Industry Size Growth Opportunity Regional Analysis https RsbdfzxENX
footwear market,1621184169018593284,TOPIC Reliance Retail enters Indian footwear market with Retail acquisition Retail Asia https iIyt
footwear market,1621165363877511169,based Soles Footwear Polyurethane Market Advancement Outlook Industry demand https hHbS
footwear market,1621144594561003521,sole Footwear Polyurethane Market Research Reports Industry Size Growth Opportunity Regional Analysis https uYQee NTyF
footwear market,1621109987958472704,okoabosede talk veee Even shoe clothes full every they ever wetin wear Funny https qRVltEtwl
footwear market,1621106350355800068,Vegan Footwear Market Germany Expected Reach Billion https iPGa
footwear market,1621104596751118336,European light industries innovation technology ELIITProject aims bolster SMEs competitiveness https TlzggNh
footwear market,1621089550088175616,HugsRichard Auntyadaa situation nigeria people market people unable withdraw https TRuBWlJ
footwear market,1621070787674243072,Collaboration time Nissan just unveiled collaborative with Balance driveable https KhFS
global footwear leader,1622620077316005888,designing retail landscape from computervision customized promotions Discover global leader https qpxDsB
global footwear leader,1620551273920569344,Everlast global leader authentic boxing fitness related sporting goods sports equipment https lqLRHN
global footwear leader,1620415746894446593,Retail Sales Associate Skechers Auburn Hills Company Description HIRING STARTING PAYING https iOrkf
global footwear leader,1619596730504302592,Retail Sales Associate Skechers Minneapolis Company Description billion dollar global leader https xuomQkmS
top brand in footwear,1619848513902215168,Thinking about buying Grey Colorblock BILLY Street High Tops Read latest review Gabriella https CMWkrtGPLo yotpo
Nike market,1622808820673048577,Razdchamp fabianarbor Bear market Nike Thanks
Nike market,1622807420723687424,Raffle Nike Sachs NikeCraft General Purpose Brown ends hour Dover Street Market London https yrVkbvNbBr
Nike market,1622787323812536320,snkr twitr Super Bowl LVII Tech Opening Night hoody jacket just Nike These same style jack https yqDpZMLAch
Nike market,1622787273266692097,unusual whales Just like Amazon Nike were going PTON over year shot above rumor https bINtpV
Nike market,1622784533903859712,HippyMomPhD Nike didn stop advertising when they became market leader shouldn stop reading aloud https CvtOaqSOK
Nike market,1622772398314426371,Football Tweet Nike Adidas involved with human cloning players they pick their poster boys https lJeozqnKmw
Nike market,1622769729759764480,Nike Force Premium Goods Sophia Size Cost Savings Deal Level https njRSH
Nike market,1622756717397172224,CoinDesk Polygon mass market attention thanks brands like Starbucks Nike xPolygon Studios credits
Nike market,1622750138195140608,Nike Zoom Vomero Cobblestone Flat Pewter Size Cost Savings Deal Level Super https Ichvv
Nike market,1622743699691020294,Nike shoe market crazy Taking while adjust this shit
Nike market,1622728734636744705,Nike Force Premium Goods Sophia Size Cost Savings Deal Level https OgQSplUWn
Nike market,1622728722745794562,Nike Force Premium Goods Sophia Size Cost Savings Deal Level https
Nike market,1622728710590803974,CFBKnights been told people industry that Adidas shifting their focus soccer European https KocF
Nike market,1622717748819427328,zSneakerHeadz sneakerfiles nikestore keeps replica market alive Time move they https rhwruu
Nike market,1622713746324946957,panzerkampfant whatifalthist Cause biggest consumers young women Consumers inscrease company revenue which raises
Nike market,1622707807987593216,GoDucks Nike OregonSB OregonVB OregonBaseball OregonTF Just reduced your market
Nike market,1622699142328844308,Nike Black Peach Cream Celestine Blue Size Cost Savings Deal Level Super https SMGF JCdYs
Nike market,1622695244411318272,MrUnloved definitely Nike scale market demand unfortunately know what they https DwoU
Nike market,1622690151074828294,kisaranyos nike cactus plant flea market sneakers
Nike market,1622684480438960128,report dives deeper into strategies mechanisms that Nike uses keep desirability NFTs https DDcSaFCYhm
Nike market,1622684474575310848,Nike RTFKT collections reached heights with over transaction volume early Despite https szgKyMtqZH
Nike market,1622677971260608516,whatifalthist Cause biggest consumers young women Consumers inscrease company revenue which raises https HTuXBpzBD
Nike market,1622676504965484550,TommyG Giants market should strictly risk high reward situation Chark Marvin Jones
Nike market,1622675885311815680,Nike Black Peach Cream Celestine Blue Size Cost Savings Deal Level Super https JRxvEjQF
Nike market,1622655541607637005,Nike Terrascape Plus Black Anthracite Size Cost Savings Deal Level Super https FNwwzwUIBV
Nike market,1622643870155538440,Nike Force Undefeated Multi Patent Wild Berry Size Cost Savings Deal https irwhca
Nike market,1622637115690426368,Nike Force Premium Goods Sophia Size Cost Savings Deal Level https QKoQ
Nike market,1622637105519132675,Nike Force Premium Goods Sophia Size Cost Savings Deal Level https JcMQys
Nike market,1622636529951870980,Philledbyamazon really Nike very strict about open accounts generally have sign https hCJHzMQdbF
Nike market,1622625831813107712,RufusKings DanielAtom DanielAtom here making case that Cisco Intel Amgen Nike Merck Boeing Microsoft Home Depo
Nike market,1622623617207963650,when understands target market more than Nike itself https COrU UnGPQ
Nike market,1622602696594427904,Monstrecrypto jayhova luke swoosh Prices astronomically over what physical counterpart https gMehX
Nike market,1622596940948185095,FinFloww Nike Adidas were struggling create market India reason India sporting culture their
Nike market,1622576740634591232,InsideOsogbo SPONSORING OsogboMeetsIjesa will have opportunity market your brand products before during after
Nike market,1622575760962723840,working with Marco Passoni this TwoOPartners nike TiffanyAndCo collab mixed https klOORuv
Nike market,1622548097581686791,RxMichelle NWPinPDX When first line even going read rest Gaetz owned stock https Iuaa
Nike market,1622522256600743937,From Nike Nutella Company names have probably been mispronouncing your whole life https LjNV XYXNR
Nike market,1622485584504578049,There least thousands Chinese selling Nike surplus inventory from Asia factories eBay eBay https ZjPzaKYRt
Nike market,1622459620446076928,zcryptonews Polygon mass market attention thanks brands like Starbucks Nike OxPolygon Studios credits
Nike market,1622459313964068864,Polygon mass market attention thanks brands like Starbucks Nike OxPolygon Studios credit https csip
Nike market,1622340514963161089,DanielAtom DanielAtom here making case that Cisco Intel Amgen Nike Merck Boeing Microsoft Home https fnpQOAxwd
Nike market,1622318387144826880,haramii balak Kohli Devotee Nike Loading Then What Puma Will Doesn Make Senses Nike differe https GNSbrlG
Nike market,1622315765100867584,NotThem BHMKOTD theme family reunion honor just immediate family extended family well chose
Nike market,1622290021020565504,Ndadzo think anything France that wasn capable achieving Liga brand https yAhawdlv
Nike market,1622284193437827072,youngsteppakev Both reps Stitching right ones garbage Nike wouldn sell that shoes left https CdlkzGbZ
Nike market,1622241951436218371,DreamProxies time come cheapest market that work sites such Zalando Nike Which
Nike market,1622240623750160386,time come cheapest market that work sites such Zalando Nike https
Nike market,1622219356980629504,Ndlombango Zwakeleg ASICS target market Nike will
Nike market,1622144468970532864,agency TBWA advised Absolut market itself aesthetics bottle designed century https SbUwln
Nike market,1622131005086908416,Look this NIKE Into Metaverse collection absolutely dominated space today https nlsig
Nike footwear,1622790946738827264,Something about stussy nike footwear doesn right each time wear them sole looks like https pnDqCOOIvs
Nike footwear,1622777680281145344,Footwear running looking after your feet step time https xpVJxW footwear https wEGLNGOD
Nike footwear,1622762934140125185,snkr twitr Nike Dunk High Noble Green restocked here DTLR https dkKyVQi Nike https NOHrcOwWxl https
Nike footwear,1622757030942371842,Looking some kicks elevate your outfit might want check this special collaboration between https OpsLjtIZ
Nike footwear,1622755772609462272,Looking some kicks elevate your outfit might want check this special collaboration between https BXkvUY
Nike footwear,1622749687496458240,Nike Dunk High Noble Green restocked here DTLR https dkKyVQi Nike https NOHrcOwWxl https KxJYXFCu
Nike footwear,1622731975923535879,ladywal NickFerrariLBC Watching what Plenty them smoking mobile phones nike https HrEqPH
Nike footwear,1622704092408877056,sneakers Nike just unveiled silhouette footwear mainline Gamma Force style takes inspiration from
Nike footwear,1622701757305421835,Serena Williams Shows Nike Futura SWDC Sneakers Footwear News https zwmoIDn https Imlhjrsov
Nike footwear,1622701295336398848,snkr twitr Sizes almost gone Nike Nike Force Picante Shop https YfzK Most sizes DTLR
Nike footwear,1622701184510464001,Sizes almost gone Nike Nike Force Picante Shop https YfzK Most sizes https GwGGn
Nike footwear,1622700722864128000,badestoutfit jacquemus nike footwear concept store marco simonetti https yOOldq
Nike footwear,1622700453686378517,SAVE white sanddrift black Nike shipping promotion HERE https lOOiMf
Nike footwear,1622692001983483906,RESTOCK Jordan Retro Sneakers White Lucky Green Jordan Retro Sneakers White Lucky Green Slamjam https GwSPg
Nike footwear,1622683178149285905,kessquireNC Today Legal News Daily Nike represented arnoldporter filed lawsuit against lululemon alleging certain
Nike footwear,1622675975833018368,Nike just unveiled silhouette footwear mainline Gamma Force style takes inspiration https YhzYQ
Nike footwear,1622656363066232838,snkr twitr Most sizes available DTLR Nike Dunk High Noble Green Shop https zUzLJ https ZmAPMZ
Nike footwear,1622649112557387803,Stay Step Ahead with Nike NIKE WMNS works running aesthetic with very trend https epOwB nUSB
Nike footwear,1622647400450891776,Check what just dropped https zCYMcNFe
Nike footwear,1622647215662551046,Chromatic silver carpet monogram Nike sneakers BunyaminAydin with midjourney Find latest https BhAhvTyS
Nike footwear,1622645333233631244,Kickgame Nike Sockspad footwear merch NEDUS feet footwear Nike https MzgawZ
Nike footwear,1622643753704882177,Nike Blazer Kids Shoes https dbuJ
Nike footwear,1622642696794800146,Nike Blazer Shoes Grey Light Smoke Grey Footwear Size System Adult Numeric Mediu https OiJBrUVk
Nike footwear,1622641852775006220,Today Legal News Daily Nike represented arnoldporter filed lawsuit against lululemon alleging https jkPRyt
Nike footwear,1622633005125890048,Black Owned Smart Shoe Line Bluetooth Capabilities That Connect Smart Phones Tablets center https
Nike footwear,1622632595870855168,LOOT Flat Branded Clothing Footwear Footwear Shoes Adidas https RjZlKxfy https bEQiyQ
Nike footwear,1622623043485896707,Women Force Heritage Introduced Force redefined basketball footwear from hardwoo https dfsAylvdan
Nike footwear,1622622267820630022,Slamjam Restock Nike Jordan Wmns Jordan Blue https gkDgm Sneakers https sVxyqSVwQ
Nike footwear,1622622263773200385,Slamjam Restock Nike Jordan Wmns Jordan Blue https tVXXTb Sneakers https ofYMm
Nike footwear,1622622203895316482,RESTOCK Wmns Jordan Sneakers Blue Wmns Jordan Sneakers Blue Slamjam https OJbNcc https jHjltMjDrc
Nike footwear,1622615755492585474,snkr twitr sizes https https tznggFkin
Nike footwear,1622615601742053376,RESTOCK Nike Dunk High Noble Green Here https gYzHK https WAtEOyrs
Nike footwear,1622614358843920384,Footpatrol appli https KRWskBnMhJ Slamjam https XRPG Size https qriHyJ
Nike footwear,1622605104133046272,RESTOCK Jordan Retro Sneakers White Lucky Green Jordan Retro Sneakers White Lucky Green Slamjam https ygHzqI
Nike footwear,1622603557206736899,Nike Dunk High Australia restocked DTLR https rLjihz https IlICqC
Nike footwear,1622600688378253313,Slamjam Restock Nike Dunk Retro Multicolor https oyLpaOJXYQ Sneakers https zKJZGU
Nike footwear,1622600685542862858,Slamjam Restock Nike Dunk Retro Multicolor https Sneakers https kxBSkIkZ
Nike footwear,1622600666957901824,Slamjam Restock Nike Dunk Retro Multicolor https VNpVvZXi Sneakers https HeCaCeVe
Nike footwear,1622600663799660544,Slamjam Restock Nike Dunk Retro Multicolor https jIwA Sneakers https Fmljytwydm
Nike footwear,1622599935043444740,KicksUnderCost Noble Green Nike Dunk High restocked https https npwbVCnS
Nike footwear,1622598322216407040,Most sizes available DTLR Nike Dunk High Noble Green Shop https zUzLJ https ZmAPMZ
Nike footwear,1622597489630281730,couple sizes https https CNckxcIG
Nike footwear,1622597266694369284,Nike Dunk Black White sizes Slam https yZcm https BfioCbR
Nike footwear,1622592350030639105,BLaw Nike filed complaint before Lululemon expected make shoes available colors https ZyWstg
Nike footwear,1622585501994700800,RESTOCK Dunk Retro Sneakers Multicolor Dunk Retro Sneakers Multicolor Slamjam https IbAsIQvrWH https gxWSo
Nike footwear,1622578753535606784,Nike Zoom Aura Vivid Oqium https QDSqSwrFwc https iLUFmJ
Nike footwear,1622573167871987712,Women Nike Force Command Force dropped Slam https lrFyRmM https JoYq TbZI
Nike footwear,1622562722616606726,japanicanblog Nike NikeCraft General Purpose Sneakers Brown Regular price Slam https rDrtcyh https
Nike footwear,1622558030930841600,When comes footwear Nike sneakers cozy simple wear fashionable appropriate both urban https RITOLM
Nike footwear,1622556546667347968,RESTOCK Wmns Force Sneakers Summit White Black Wmns Force Sneakers Summit White Black https aNnyvz
Nike footwear,1622551652828946432,RESTOCK Wmns Jordan Cmft Sneakers White Cement Grey Wmns Jordan Cmft Sneakers White Cemen https
Nike footwear,1622551003147935745,JDOfficial pair mean JDOfficial Nike Should illegal charge this footwear Greed everywhere
Nike footwear,1622542886607769600,Nike filed complaint before Lululemon expected make shoes available colors https ZyWstg
Nike footwear,1622535826566512643,FULL RESTOCK Nike Black Earth Price Sizes Including Half Restocked Free https UOgXcRWvUz
Nike footwear,1622531689921609728,Stock Alert Adidas Reebok Nike Puma Shoes https emoV Women https oPaM
Nike footwear,1622531539970965504,Loot Branded Footwear Nike https rRXsaVV Puma https dXZP YGNul Reebok https keOo sDlx
Nike footwear,1622529543465746433,BestDealsinIND Loot Footwear Scroll down Sports Shoes Size wise https OdIidJ
Nike footwear,1622524091310768129,SneakerVisionz Jordan Retro Craft Raffle https PKNpWuV https MUTgwXNHmg
Nike footwear,1622517512175775744,timidakolo Emma waybill Nike sneakers injection sole footwear different brands slides
Nike footwear,1622505610917838848,Check what just dropped https VqDEll
Nike footwear,1622485986532855809,blackiefn White Jordan Retro Sail Sneaker Size Price Brand Nike Delivery within Lagos
Nike footwear,1622484795354914816,MadScientistFF Well under good quality footwear always Blundstone Nike Merrill Birkenstock https tdiImz
Nike footwear,1622482797658009605,blackiefn Jordan Retro Lion King Sneaker Size Price Brand Nike Delivery within Lagos Resident
Nike footwear,1622482762551685121,blackiefn Jordan Retro Kaws Black Sneaker Size Price Brand Nike Delivery within Lagos Resident
Nike footwear,1622480767204073472,Loot Miss Branded Footwear Nike https Puma https tstAqOJ
Nike footwear,1622479879987142656,SneakerVisionz NIKE DUNK HIGH SOMOS FAMILIA Most Sizes Available https zwyIOqlzq https Liut https
Nike footwear,1622474486481293312,Stock Added Adidas Reebok Nike Puma Shoes https yghhOjSG Women https pPLnZfqpCd
Nike footwear,1622474252887953408,Stock Adidas Reebok Nike Puma MasterLink https aLsZc Boys https qQNwIylj
Nike footwear,1622474234692861953,Jordan Retro Lion King Sneaker Size Price Brand Nike Delivery within Lagos https SZbL
Nike footwear,1622474077155000321,Stock Adidas Reebok Nike Puma MasterLink https Boys https hpqN
Nike footwear,1622474050340638721,White Jordan Retro Sail Sneaker Size Price Brand Nike Delivery within https boVBn xYwE
Nike footwear,1622474048180715520,Stock Adidas Reebok Nike Puma MasterLink https bbPgizfEln Boys https ibYhe
Nike footwear,1622473837328605184,Jordan Retro Kaws Black Sneaker Size Price Brand Nike Delivery within Lagos https XBeR
Nike footwear,1622462813112508416,Loot Footwear Size wise Scroll down Check https yJjCd https sMpBM
Nike footwear,1622462537345437696,BestDealsinIND Back Again Loot Footwear Size wise https OdIidJ https iPNi JcAuH https
Nike footwear,1622449647842107392,Check what just dropped https RbQlCDR
Nike footwear,1622431046003494912,Adidas Reebok Nike Puma MasterLink https fbkQk Boys https FZdLjeJaic Girls https KTyY
Nike footwear,1622412374119432197,snkr twitr Nike Dunk High Noble Green DTLR Shop https zUzLJ https ojYUdxiDki
Nike footwear,1622400684342517760,NIKE DUNK HIGH SOMOS FAMILIA Most Sizes Available https zwyIOqlzq https Liut https TYsPDJtmYz
Nike footwear,1622395819696754689,snkr twitr Sachs NikeCraft General Purpose Shoe Brown raffles https https
Nike footwear,1622392782060134401,DealBeeOfficial Loot Deal Upto Footwear https ueEPzPBMow https JvOkHGyr
footwear industry,1622689940977946650,these astroboy boots more aint never seen more industry plant piece footwear before
footwear industry,1622660339153215488,futures footwear creators begun Pioneers invite join them their journey creative exploration
footwear industry,1622647563433148426,Vans Skateboarding Timberland Half Hiker represents first footwear industry Check these https JsCQo
footwear industry,1622524086437007361,CLAE DESSERTO years launched very first cactus sneaker huge step footwear industry https Humu
footwear industry,1622523986989965314,CLAE DESSERTO years launched very first cactus sneaker huge step footwear industry https DKjEiW
footwear industry,1622523924910161931,CLAE DESSERTO years launched very first cactus sneaker huge step footwear industry https brOTJLbn
footwear industry,1622523862150701057,CLAE DESSERTO years launched very first cactus sneaker huge step footwear industry https hMlRqt
footwear industry,1622494280957968385,hereby invite attend Jinjiang Footwear Sports Industry International Exposition China https MrYB
footwear industry,1622454267788554240,dmuthuk think there ever moat footwear business footwear industry largely unorganised https TOUeRIoCJI
footwear industry,1622441903278145538,dmuthuk Their moats footwear industry
footwear industry,1622398254670385153,NikkiFried RonDeSantisFL former Florida Agricultural Commissioner surprised would insult thousan https Vhzu
footwear industry,1622337274007654401,Agra atop footwear pinnacle Centre puts right foot forward TajMahal summit https SLtoJXgt
footwear industry,1622320958529748992,connor MikeyNooodz Vans called VaaS Vans service completely disrupting tech footw https wbTkyNa
footwear industry,1622295091367870465,LankyObserver Fashion industry Clothing footwear Retail Looking into doubling revenue process https aOiQPjiXxr
footwear industry,1622277861418897408,KingOfThePoors worked still work footwear industry over years wear hats along with baseball course
footwear industry,1622274617946644482,Real leather Longevity leather strong suit despite durability people discard their leather items footwear indu
footwear industry,1622147581710319622,Brands India India retail industry witnessed rise sales during April November compared pandemic levels
footwear industry,1621748020042776576,Nicholas Kirkwood said passion finding viable planet positive solutions intensely planet positive footwear
footwear industry,1621710292706107393,Post Boot Book Juno Jones selected only brands featured Spring Boot Book https tcoubJgNJ
footwear industry,1621664867731083264,Juno Jones selected only brands featured Spring Boot Book Spring Boot Book https EGJVEjgldR
footwear industry,1621625096543641603,iHarmonizing cool idea free timed runs Brooks becomes Parkrun global footwear partner multi year deal Brooks running
footwear industry,1621624957850591239,cool idea free timed runs Brooks becomes Parkrun global footwear partner multi year deal Brooks https
footwear industry,1621569594149183495,RestaurantWorkers expect leave industry within year survey finds https PjeG Footwear https
footwear industry,1621556463192735744,Underlying Diff Open Interest Volume https RASnk
footwear industry,1621509076294451203,Nicholas Kirkwood said passion finding viable planet positive solutions intensely planet posit https UzkXO
footwear industry,1621453721761726465,https VdZW dlXhC mega opportunity into industry footwear design trend colour material Really nice team well
footwear industry,1621397720471568384,MICAM Milano returns February showcasing upcoming autumn winter collections implore every https jZvecoyb
footwear industry,1621390240337530883,Best Retail Management Software your Store that looking effortlessly manage with Odoo https ILRm
footwear industry,1621343280750530564,Jinjiang Footwear Sports Industry International Exposition China will grandly convened https
footwear industry,1621213030485987328,ZuluKuki TheZellerfelds future Soon will able wear shoes designed printed Size based
footwear industry,1621161710630621184,Newsletter https cXKmd back with bang with first biggest event leather industry https bdEvb uAWh
footwear industry,1621030907305164801,BATA leading company footwear industry inviting franchisepartners India BataIndia https IKqoo kODJ
footwear industry,1621024441890398208,Maze like bureaucracy India govt offices have contributed this wear tear footwear Execution https
footwear industry,1620967541655977986,story Clothing footwear retailing Australia down Fibre Fashion https ZpGQM
footwear industry,1620964984456110081,Vietnam Garment footwear exports reach https lxKC Vietnam garments footwear industry
footwear industry,1620943836263358467,Clothing footwear retailing Australia down https yTyyNfsz
footwear industry,1620911995469053954,Clothing footwear retailing Australia down https sIgkezRjr fibre fashion
footwear industry,1620885417141895169,Opportunity Alert Interested making apparel footwear cleaner greener fair more sustainable https IUvFqqyGoU
footwear industry,1620859538810208276,Founded OluKai disrupted footwear industry sustainable comfort driven luxury aestheti https
footwear industry,1620846841544704012,February celebrate support services Footwear Foundation been provid https vWQJS
footwear industry,1620841710199705605,GOOS Underlying Diff Open Interest Volume https EEXi hjXfh
footwear industry,1620840880465641485,Underlying Diff Open Interest Volume https GtQDwHiM
footwear industry,1620838884384063488,Footwear Design Development Institute FDDI Established under aegis Ministry Commerce Indus https PBDyZYJIly
footwear industry,1620813036654309376,FrosininiAndrea digitaltrade digitalsupplychain Towards sustainablefuture impact advanced technologies traceabili
footwear industry,1620796857323511812,digitaltrade digitalsupplychain Towards sustainablefuture impact advanced technologies https cHBZWV
footwear industry,1620782406964858885,BudgetUnwrapped MakeInIndia cover sectors such furniture footwear toys ceramics sporting goods https zcNd
footwear industry,1620515874808397833,American Apparel Footwear Association Accessories Council Council Fashion Designers America https aTuWONfaV
footwear industry,1620441373173506048,These small business partners will also receive technical assistance tailored their specific needs training https gGLkKfl
footwear industry,1620438824672235520,Dover Street Market hosted live performance from legend Raekwon Tang Clan https ppemaNN
footwear industry,1620391014937812993,PiyushGoyal workshop organised Confederation Indian Footwear Industries urged manufacturers strengthen quality
footwear industry,1620390875473018880,PiyushGoyal Putting your best foot forward Footwear industry achieve better quality enhance production adhering standar
footwear industry,1620387720920207360,MSEDCL consumer panvel rural division have footwear manufacturing industry located https
footwear industry,1620360159259410432,parametricarch printed footwear continues gain attraction sneaker industry This year Paris Fashion Week world renown
footwear industry,1620348186798989313,Jinjiang Footwear Sports Industry International Exposition China will grandly convened https rJJTZwEvWL
footwear industry,1620326006660923392,Trust your strengths should believe yourself future bright Feel free contact with https rlZCxlB
footwear industry,1620325229120876544,printed footwear continues gain attraction sneaker industry This year Paris Fashion Week world https hdrbWbBB
footwear industry,1620288679775453184,Witness cutting edge advancements leather manufacturing shoe technology Discover latest innovations https
footwear industry,1620277008046624768,Global Kids Footwear Market expected experience decline growth coming years detailed infor https CmNswvgOQK
footwear industry,1620267449550786568,Unicommerce Kapil Makhija shared valuable insights growth Indian fashion industry technology transfo
footwear industry,1620095704017342466,Global Athletic Footwear Sole Material Industry Trends Sales Supply Demand Analysis Forecast https tJusfG
footwear industry,1620070928360304645,Sanchit entered footwear trading industry years explore exploremore trending https ONCDwuRrM
footwear industry,1620047063399661568,Nike just took step into world NFTs launching marketplace This move shows potential https MvVhDHTW
footwear industry,1620003286136012802,Kapil Makhija shared valuable insights growth Indian fashion industry technology https kzOa WbPR
footwear industry,1619871825709924354,matrade LiewChinTong tape doesn help Industry specific trade curation needed Phase Fundamental https
footwear industry,1619748580440547328,TheZellerfelds future Soon will able wear shoes designed printed Size https fECZRYR
footwear industry,1619627276869722112,established himself respected figure digital community through diverse range cases https CgnIBOu
footwear industry,1619475065120395264,qcapital Best margins footwear industry Clothing Shoes Jewelry Amazon Their acquisition https WXNJTGf
footwear industry,1619431291031805952,InnocenceCapit PrepRemarks pekwat more read more bearish Classic markdowns footwear https ofUsuUd
footwear industry,1619414907342163972,Ofertas Trabajo Senior Production Manager Footwear Accessories Industry BARCELONA Senior Production Manage https CsDXQ DAcw
footwear industry,1619362696562085892,additiveconnect BalenaScience announced debut chic BioCir Slides made proprietary biodegradable plastic
footwear industry,1619331105282478083,work footwear industry https yEMeSbeek
footwear industry,1619308867913142273,hugo ballls Founded born from crowdfunding campaign Enda EndaSportswear brought about means sharing Kenya
footwear industry,1619284217866641408,CNBCTV News glad government taking steps support footwear industry hope they https
footwear industry,1619279147553153024,Worst thing that ever happened footwear industry people buying shoes normal dunks https YDKxIheOtZ
footwear industry,1619214870020526081,Jinjiang Footwear Sports Industry International Exposition China will grandly convened https OJOVF
footwear industry,1619209200072261632,With market size around billion global leather industry projected grow CAGR from https ZXDBlGNmSn
footwear industry,1619205968457351169,Secretary Bookkeeper following vacancy arisen within Leather Taxidermy Footwear Travel Canvas https aPTo
footwear industry,1619144198682447872,maximum amount funds would directed Ukrainian producers This applies components https QqpYZW
